GEO_ID,NAME,Ratio_women_to_men,Percent_hispanic_or_latino,Percent_white,Percent_black,Percent_asian,median_household_income,Ratio_female_labor_16_yrs_and_older,Bachelor_degree_or_higher,Average_household_size
8600000US11222,ZCTA5 11222,1.0273333333333334,0.1424147758412803,0.8565164967664145,0.05434067740874712,0.07122108955387482,85111,0.4757885384273656,17728,2.10
8600000US11233,ZCTA5 11233,1.1888249373147937,0.1598042151030344,0.10106874601335607,0.8038245746495007,0.02310626277353259,40449,0.5523206987290745,12510,2.57
8600000US11235,ZCTA5 11235,1.0871981192562514,0.08308160966618881,0.775739811591235,0.029477268072906,0.16572803604341593,52538,0.47582925862296815,28403,2.38
8600000US11426,ZCTA5 11426,1.0024066230265691,0.18931782125859334,0.4033940675929042,0.07562136435748282,0.464112302293159,88803,0.4479299653474375,5501,3.26
8600000US11427,ZCTA5 11427,1.0222951371361266,0.19453342763240006,0.31064608728210674,0.22090943129342264,0.35798976577775926,74581,0.4602061507265968,5571,3.08
8600000US11101,ZCTA5 11101,0.9639798653330719,0.263222714109776,0.47378757114802117,0.17957594115101688,0.253636454415338,65392,0.47189807768194375,10627,2.24
8600000US11205,ZCTA5 11205,1.1585754451733834,0.1769928794720389,0.5182137895102467,0.34052622438346647,0.0827327196943383,56708,0.5177165354330708,12401,2.67
8600000US11215,ZCTA5 11215,1.0881626335684733,0.16289412167170306,0.8144563544101716,0.06773476252922059,0.11108101944238553,123583,0.5028318091082122,39369,2.43
8600000US11219,ZCTA5 11219,1.0014226648290578,0.12120707272646497,0.6793615886978542,0.013838908880892087,0.2478786263272469,39295,0.4455159112825458,9423,3.64
8600000US11226,ZCTA5 11226,1.2223034815947522,0.17097639538478415,0.1722827767085174,0.6951045603677812,0.03997925745684454,52052,0.5460413897854566,19474,2.71
8600000US11228,ZCTA5 11228,1.0429531420268798,0.12975063341778903,0.5751655776325733,0.015379828421567321,0.36415966573320885,67911,0.46895424836601307,10808,2.93
8600000US11236,ZCTA5 11236,1.2931751691351252,0.07142358792397166,0.06505466904545953,0.8737279604509075,0.034625389959234934,67669,0.5650475347369232,18877,2.97
8600000US11237,ZCTA5 11237,0.9427153100622488,0.6297302778341107,0.4416345568850132,0.1511052524842831,0.08545933887649564,51413,0.43160911406736485,9887,2.86
8600000US11354,ZCTA5 11354,1.2050892821475652,0.1594746376811594,0.22465579710144928,0.03865942028985507,0.64375,42500,0.4896944391725185,8830,2.65
8600000US11356,ZCTA5 11356,1.0098072952512045,0.4030904888280113,0.39470079616471193,0.02123105898467597,0.31572639328824587,60493,0.45786342243140044,3093,3.13
8600000US11360,ZCTA5 11360,1.1625702634189352,0.09775240813414199,0.6354925844758167,0.015952296009377708,0.33418276336578157,86174,0.4726787620064034,8239,2.28
8600000US11362,ZCTA5 11362,1.1307762349191897,0.08861706105443086,0.5242241333262112,0.021633459751081673,0.4373697986218685,89185,0.5028596093665696,6308,2.58
8600000US11366,ZCTA5 11366,1.0997563422674501,0.08860068259385666,0.4543344709897611,0.05658703071672355,0.4769283276450512,78990,0.4730637422892392,4511,3.12
8600000US11370,ZCTA5 11370,0.6860609831985065,0.37377744971396937,0.438549547887064,0.15574829304299687,0.2326690041213016,65098,0.44131238447319776,5215,3.17
8600000US11371,ZCTA5 11371,None,None,None,None,None,None,None,0,None
8600000US11374,ZCTA5 11374,1.1778401838141435,0.1628724825920803,0.5716362272290343,0.054978547816097345,0.3440320727733102,63161,0.49165624595748353,17053,2.19
8600000US11379,ZCTA5 11379,1.1162361623616237,0.20134210456791102,0.8080631951599694,0.019286148318406384,0.12129137935589548,82819,0.4880370724827482,9322,2.78
8600000US11419,ZCTA5 11419,0.9860705279590122,0.18860091095973236,0.11249949615059052,0.1907573864323431,0.35273489459470353,70882,0.446816535908268,6773,3.97
8600000US11422,ZCTA5 11422,1.1560483870967742,0.09569228851069135,0.06470918271928185,0.8675269621594663,0.028146624275294557,89235,0.531747825104508,6185,3.32
8600000US11428,ZCTA5 11428,1.0557124239791487,0.25331501928258227,0.2595488404036135,0.2519942944688045,0.32547942310740136,73699,0.45656173344235484,2572,3.40
8600000US11433,ZCTA5 11433,1.1819649584404712,0.18890624571788758,0.04924771849050399,0.66469346926471,0.09397352626819042,51521,0.5001095050372317,3868,3.46
8600000US11004,ZCTA5 11004,1.1324188129899215,0.12577130103715373,0.4508993041880005,0.07863988446895102,0.4631744781410004,92657,0.4500582977069569,4880,2.77
8600000US11005,ZCTA5 11005,1.8956953642384107,0.01429388221841052,1.0,0.0,0.013150371640937679,62993,0.5,792,1.38
8600000US11206,ZCTA5 11206,1.063168464807809,0.37122095326489263,0.5001414843405132,0.28699815504419973,0.07692220625021223,36404,0.50281604291113,14510,2.83
8600000US11363,ZCTA5 11363,1.0808141275067344,0.1314729574223245,0.613204833141542,0.02100115074798619,0.34249136939010355,104792,0.4752122706107916,2884,2.61
8600000US11211,ZCTA5 11211,1.0095952376289972,0.24316923916432803,0.7717200654817586,0.07877299657000311,0.0683660742126598,71225,0.4643919857171196,34032,2.59
8600000US11372,ZCTA5 11372,1.0099450745880594,0.5756419377789276,0.6019177284781062,0.03937326175538452,0.21709462518595174,56383,0.42108026131591225,13929,2.58
8600000US11217,ZCTA5 11217,1.1280193236714975,0.18525853116622792,0.6201125413577414,0.21547081411355568,0.09739899050885116,107362,0.5170103929847353,20993,2.33
8600000US11109,ZCTA5 11109,1.0659758203799654,0.05567630830964722,0.6953686674469153,0.0479852867413476,0.27085771610098647,148590,0.4817320703653586,4082,2.02
8600000US11351,ZCTA5 11351,None,None,None,None,None,None,None,0,None
8600000US11359,ZCTA5 11359,None,None,None,None,None,None,None,0,None
8600000US11424,ZCTA5 11424,None,None,None,None,None,None,None,0,None
8600000US11425,ZCTA5 11425,None,None,None,None,None,None,None,0,None
8600000US11451,ZCTA5 11451,None,None,None,None,None,None,None,0,None
8600000US11201,ZCTA5 11201,1.091172358697823,0.11567419575633128,0.6871368766216195,0.15965490345892427,0.1489581841045477,124996,0.4963837677195382,35276,2.06
8600000US11231,ZCTA5 11231,1.1530977982590886,0.18620689655172415,0.7088122605363985,0.15888492535341525,0.09005152596115736,100213,0.50409442334965,17106,2.41
8600000US11417,ZCTA5 11417,1.0852328391352621,0.38531650327309175,0.3857863250540295,0.09894446706549316,0.3136216995019889,73424,0.45595854922279794,5351,3.52
8600000US11203,ZCTA5 11203,1.2695442923747933,0.06422711428609296,0.05194099481782879,0.9009423334349446,0.024121615353010564,51277,0.5564604709727543,12422,2.66
8600000US11208,ZCTA5 11208,1.1509080206675533,0.41309547942428543,0.2676059193188729,0.5563348874923981,0.062456922765051694,40733,0.5071555513983724,9089,3.05
8600000US11210,ZCTA5 11210,1.1912077136787056,0.07034606205250597,0.3219868735083532,0.5989707637231504,0.05056682577565633,65900,0.540370033363664,15281,3.00
8600000US11212,ZCTA5 11212,1.3591047812817905,0.18641786558992252,0.08493734237589348,0.8323206188665438,0.01794138016647719,26239,0.5906585878269343,7758,2.23
8600000US11221,ZCTA5 11221,1.0882008618327645,0.34330530208146953,0.3045625335480408,0.5125186378004414,0.042583646448380745,50153,0.4899830146770611,17642,2.68
8600000US11239,ZCTA5 11239,1.4498705142434332,0.18929326487466022,0.3123678646934461,0.6165810933252793,0.024614919963757174,27104,0.6221553507617077,1851,1.95
8600000US11361,ZCTA5 11361,1.0428882057434206,0.12882624972473022,0.49713719445056154,0.04580488879101519,0.41653820744329445,85887,0.47007319242082224,8568,2.67
8600000US10457,ZCTA5 10457,1.1248931197628684,0.665691981650884,0.1686831021809695,0.4245781581135821,0.012165678568554337,27420,0.5030659413226,5546,2.90
8600000US10464,ZCTA5 10464,1.0508788159111933,0.2519170049616599,0.8283716734325666,0.02683806946323861,0.058186738836265225,93365,0.499609984399376,1449,2.33
8600000US10472,ZCTA5 10472,1.0580351800885486,0.6454299668585383,0.17374556660270946,0.2928949357520786,0.07756264899122042,30977,0.4726327866639671,5208,3.11
8600000US10309,ZCTA5 10309,0.9909155682223014,0.09266052309802869,0.9245474337180519,0.009334645551877368,0.03853150815663118,103175,0.46422117817130465,7905,2.91
8600000US10467,ZCTA5 10467,1.085274902000201,0.5233293487062816,0.2527281841668916,0.3752072648748699,0.06780935487602668,37015,0.4872072072072072,12950,2.78
8600000US10456,ZCTA5 10456,1.1489371407718274,0.6152858264875077,0.12409518351058184,0.4484705682565964,0.014148039652720287,27106,0.5183653002381848,7198,2.98
8600000US10065,ZCTA5 10065,1.2949869366427171,0.06577964353054182,0.8756270233732968,0.023551175779999288,0.10455725924081255,127375,0.5377852817885421,18409,1.87
8600000US10075,ZCTA5 10075,1.1351030110935023,0.1424197439228057,0.8671831508628688,0.034468361477082946,0.05729263314158471,137146,0.4951448583253741,13047,1.90
8600000US10110,ZCTA5 10110,None,None,None,None,None,None,None,0,None
8600000US10168,ZCTA5 10168,None,None,None,None,None,None,None,0,None
8600000US10174,ZCTA5 10174,None,None,None,None,None,None,None,0,None
8600000US10199,ZCTA5 10199,2.148936170212766,0.0,0.47297297297297297,0.0,0.527027027027027,None,0.0,46,2.69
8600000US10311,ZCTA5 10311,None,None,None,None,None,None,None,0,None
8600000US10468,ZCTA5 10468,1.1249628488827645,0.7576639922692537,0.14573982478670516,0.2299769857718667,0.03529695983317863,36046,0.4807231983702572,7458,2.93
8600000US10001,ZCTA5 10001,0.9641847313854854,0.14159832489966848,0.6524603036119351,0.07359099633571803,0.26382830221601816,88526,0.4246211114065408,12233,1.76
8600000US10035,ZCTA5 10035,1.0197208566423688,0.4458215594661892,0.23316453571328652,0.4369526900372101,0.06381669138013038,30081,0.47970773829292596,7199,2.27
8600000US10003,ZCTA5 10003,0.98821946696724,0.08240371603086939,0.7787754654182364,0.06384184923740902,0.14891554807797813,112131,0.486621830145282,30659,1.70
8600000US10009,ZCTA5 10009,1.1842829669293713,0.24768234786361676,0.6506517047906776,0.1128873543375054,0.1446353042727665,61548,0.5331278429494852,26908,1.93
8600000US10011,ZCTA5 10011,0.9369099700667741,0.11301315580916152,0.830460453320653,0.0709700427960057,0.11014027579648122,128613,0.46080902996619494,33429,1.68
8600000US10022,ZCTA5 10022,1.2054134485934953,0.05416867469879518,0.8506345381526105,0.023518072289156627,0.13937349397590362,135363,0.5050932532847793,22418,1.69
8600000US10028,ZCTA5 10028,1.3295476701111328,0.07392295942920511,0.8795430293139163,0.018433661833322873,0.10807021948820957,125140,0.5515191754402605,32866,1.88
8600000US10119,ZCTA5 10119,None,None,None,None,None,None,None,0,None
8600000US10044,ZCTA5 10044,1.1247726445980357,0.13293956514295496,0.49169662728984764,0.13191234377675057,0.3610683102208526,100441,0.5483927630423326,5963,2.13
8600000US10162,ZCTA5 10162,1.332842415316642,0.0,0.9545454545454546,0.0,0.08017676767676768,188880,0.5754060324825986,960,2.14
8600000US10279,ZCTA5 10279,1.3888888888888888,0.0,1.0,0.0,0.0,None,0.5813953488372093,18,2.39
8600000US10460,ZCTA5 10460,1.152313090027851,0.6950508360641963,0.1698176623813125,0.3208301823376187,0.019158053945046636,26866,0.5170900777994911,4469,2.85
8600000US10282,ZCTA5 10282,1.0661248614702623,0.07580904702306454,0.7788306812086536,0.010906490255676738,0.24423386375826928,"250,000+",0.4335898293743727,3194,2.51
8600000US10301,ZCTA5 10301,1.0994633855493523,0.24761830996824413,0.6282756305992306,0.3005189373402525,0.06738440089845868,55802,0.4936160510715914,9650,2.52
8600000US10307,ZCTA5 10307,1.0451127819548873,0.09184611344537816,0.9436055672268907,0.003676470588235294,0.030987394957983194,80893,0.4591910177054844,3808,2.86
8600000US10465,ZCTA5 10465,1.0653646685044154,0.44266485691663837,0.6232552878633639,0.14027824906684763,0.035357991177468615,74796,0.4884909308535126,8159,2.65
8600000US10470,ZCTA5 10470,1.1830527655962655,0.2109253499222395,0.45152928978745466,0.4035121824779679,0.0475635044064282,57160,0.5180331960564083,3557,2.52
8600000US10471,ZCTA5 10471,1.1098477548660628,0.2284892217756668,0.7115911582024114,0.13331202046035806,0.07211362805991962,85707,0.49453501296776586,8715,2.18
8600000US10006,ZCTA5 10006,1.1151255358236374,0.11986103068905617,0.7515923566878981,0.020555877243775333,0.2319050376375217,176250,0.4919263987983477,2510,1.93
8600000US10012,ZCTA5 10012,1.0218499006822697,0.0638161547990261,0.7852291657767716,0.04173251890137115,0.2029387894579471,109037,0.4823005954328339,14830,1.83
8600000US10013,ZCTA5 10013,1.0464038776819446,0.06019018426277474,0.5904768539482392,0.05385070883695008,0.3649726566581908,105442,0.49335875046119787,13227,2.23
8600000US10014,ZCTA5 10014,0.981434925546316,0.06659509402043073,0.9162274708829462,0.017209968117639404,0.07612726917821588,126601,0.4650604633988738,22493,1.66
8600000US10023,ZCTA5 10023,1.2995469780118596,0.10510130535757188,0.8154881076319372,0.04945943781532794,0.12078161287739249,130452,0.5320576474061351,41145,1.80
8600000US10024,ZCTA5 10024,1.2174991543578757,0.10881171505567702,0.8519686107015135,0.046507686310401516,0.08533753665192115,131668,0.5260320134793597,38054,2.02
8600000US10032,ZCTA5 10032,0.9980723191244598,0.662797211502552,0.35061620814141664,0.2245891945723889,0.056376820614963276,50391,0.4572689332518142,15008,2.98
8600000US10112,ZCTA5 10112,None,None,None,None,None,None,None,0,None
8600000US10152,ZCTA5 10152,None,None,None,None,None,None,None,0,None
8600000US10177,ZCTA5 10177,None,None,None,None,None,None,None,0,None
8600000US10306,ZCTA5 10306,1.133702722235606,0.14705882352941177,0.8793233224191788,0.04886906778066313,0.0671785028790787,79569,0.48167197635588993,11457,2.63
8600000US10461,ZCTA5 10461,1.0552720741315262,0.4660761102725034,0.5096130928735998,0.11734329069675062,0.12224914594422817,56612,0.45892087169327583,10168,2.60
8600000US10018,ZCTA5 10018,0.8831648522550545,0.15185299886445752,0.622070816558274,0.0579126664602044,0.32744915866625374,108914,0.41318490675148184,5622,1.88
8600000US10027,ZCTA5 10027,1.1657495638169373,0.2544927805664002,0.3340459812852451,0.41781310032843777,0.10988721571543657,46113,0.5048694571073352,19850,2.40
8600000US10036,ZCTA5 10036,0.8380914086583567,0.2154003208400175,0.6540761265859706,0.08480385008021,0.2005979291235234,91936,0.4288835915772745,16444,1.66
8600000US10170,ZCTA5 10170,None,None,None,None,None,None,None,0,None
8600000US10171,ZCTA5 10171,None,None,None,None,None,None,None,0,None
8600000US10304,ZCTA5 10304,1.0295556763702862,0.2523621663744399,0.5379407753750244,0.2906682252094292,0.10520163646990065,52199,0.4616855006465396,8708,2.82
8600000US10308,ZCTA5 10308,1.07193355755371,0.09567349102232824,0.9270854038295899,0.014543165705956403,0.05128205128205128,93963,0.46463554684861175,7804,2.83
8600000US10459,ZCTA5 10459,1.1018518518518519,0.6789931955905772,0.1311451676283841,0.3679344791214246,0.009637856507621351,27687,0.5142231947483589,4158,2.90
8600000US10466,ZCTA5 10466,1.276207524652974,0.22035348169814706,0.12396694214876033,0.7501207246236841,0.037817850687785426,51477,0.5447047179148796,11203,3.03
8600000US10474,ZCTA5 10474,0.8860031104199066,0.6339572853962233,0.11173414694483384,0.4247546796404717,0.0024738187515461365,25493,0.49310872894333846,847,3.18
8600000US10004,ZCTA5 10004,1.3898973954222573,0.036988110964332896,0.6595112285336856,0.02212681638044914,0.3289299867899604,157645,0.5490105844454671,2303,1.82
8600000US10025,ZCTA5 10025,1.2154452136548102,0.23421151877592802,0.6835299822207855,0.15129572760088358,0.1017294326814288,85930,0.5143991282689913,47067,2.09
8600000US10030,ZCTA5 10030,1.2581425224816747,0.2561742855230574,0.20845324944782812,0.6742855230573589,0.025199116524998327,37232,0.5419032761310453,6610,2.30
8600000US10037,ZCTA5 10037,1.2490690498989254,0.21368087421353896,0.13907942665215953,0.75642177964899,0.037702824163867735,45041,0.5790800887633649,5577,2.14
8600000US10172,ZCTA5 10172,None,None,None,None,None,None,None,0,None
8600000US10305,ZCTA5 10305,1.0996773392901464,0.16360111589200435,0.7553785048938484,0.07657572462054943,0.14097593266821126,76489,0.48107864267455264,10104,2.82
8600000US10314,ZCTA5 10314,1.0739682829852384,0.1512323575103844,0.748713654543251,0.048776456848205724,0.1816198587499036,86742,0.46477762834485,21620,2.85
8600000US10451,ZCTA5 10451,1.140145070296409,0.5907360140591656,0.14939955646679778,0.43656638353069166,0.016360517176450897,28921,0.502395122659312,5956,2.49
8600000US10463,ZCTA5 10463,1.121221128979519,0.5110986547085202,0.49722533632286997,0.18221692825112107,0.046889013452914796,58551,0.49963964962856194,20680,2.40
8600000US10475,ZCTA5 10475,1.3536332933870792,0.2902703203110535,0.20024069616737641,0.6482595815589706,0.029184410294389927,50832,0.5960789831621406,9111,2.22
8600000US10002,ZCTA5 10002,1.0699144355506487,0.2718920432573707,0.3564999399943995,0.10194284799914659,0.42936007360686995,35859,0.4686763360048809,20090,2.18
8600000US10029,ZCTA5 10029,1.1893772692265376,0.4789376484038343,0.3557671771549179,0.32305237634584216,0.102780255537269,34016,0.5161281406340695,17193,2.40
8600000US10031,ZCTA5 10031,0.9712107828704158,0.5137418262687954,0.44929797191887677,0.43957247651608194,0.05519965479470243,49891,0.464068952138126,15613,2.72
8600000US10034,ZCTA5 10034,1.107460340847699,0.697389885807504,0.42053134467490094,0.13957119552551853,0.04106268934980191,54716,0.4894486331662525,10429,2.66
8600000US10040,ZCTA5 10040,1.14500216564801,0.6948015525790312,0.41868030782347265,0.14258149918108187,0.03677278948195015,47137,0.4945184685444426,11295,2.66
8600000US10103,ZCTA5 10103,None,None,None,None,None,None,None,0,None
8600000US10154,ZCTA5 10154,None,None,None,None,None,None,None,0,None
8600000US10173,ZCTA5 10173,None,None,None,None,None,None,None,0,None
8600000US10271,ZCTA5 10271,None,None,None,None,None,None,None,0,None
8600000US10312,ZCTA5 10312,1.06616023023894,0.1009701818888583,0.921122106865778,0.016941740496590595,0.06272979057676423,95064,0.4839193467755374,14941,2.88
8600000US10452,ZCTA5 10452,1.1861494252873563,0.6811824706222561,0.15929703725124214,0.3629958726570099,0.02001892794237493,28277,0.5004550124761485,6520,2.88
8600000US10462,ZCTA5 10462,1.1267351971405613,0.4753113763093439,0.2615039866590234,0.31167596018552296,0.14557819584136744,52409,0.4967445702346825,13560,2.59
8600000US10473,ZCTA5 10473,1.2146307029276266,0.6083812847053297,0.39398412991326814,0.4351020819003842,0.02253015484238957,41638,0.5213183675088248,7042,2.83
8600000US10005,ZCTA5 10005,1.2060954284286785,0.06884837504246405,0.7683161589853924,0.03702864907711471,0.20643188766844073,173333,0.5217017619252257,5825,2.02
8600000US10010,ZCTA5 10010,0.9418537708693149,0.10978357545211978,0.7502223539875482,0.06249629410020753,0.18615475837533352,117923,0.4594381970475265,19854,1.85
8600000US10016,ZCTA5 10016,1.1128491620111731,0.06939303131793878,0.7382533247155141,0.05374385490726051,0.21487748986426936,117004,0.4843136709072182,33165,1.71
8600000US10017,ZCTA5 10017,1.2148864592094197,0.05898360863236504,0.7593190304411114,0.030251249920891083,0.22802354281374596,127506,0.5005757817344317,11219,1.57
8600000US10026,ZCTA5 10026,1.1718715515338778,0.21311891878159694,0.28747808856032314,0.5654294642176664,0.07024362980463887,58884,0.5282795240127056,12700,2.48
8600000US10033,ZCTA5 10033,0.9726965845909452,0.6851879812773668,0.45518143842166187,0.14489908903316726,0.0327646081836026,58614,0.4649951842041897,15722,2.99
8600000US10069,ZCTA5 10069,1.1601529311809686,0.011209439528023599,0.6548672566371682,0.038741396263520154,0.3333333333333333,110625,0.5413028878441908,3239,1.99
8600000US10111,ZCTA5 10111,None,None,None,None,None,None,None,0,None
8600000US10115,ZCTA5 10115,None,None,None,None,None,None,None,0,None
8600000US10128,ZCTA5 10128,1.33862183282027,0.12331240718239503,0.8292662346429054,0.04738760631834751,0.12386931281220467,114010,0.5383665360038662,39107,1.92
8600000US10153,ZCTA5 10153,None,None,None,None,None,None,None,0,None
8600000US10169,ZCTA5 10169,None,None,None,None,None,None,None,0,None
8600000US10455,ZCTA5 10455,1.0961233392821732,0.7183028640351915,0.13854267672587092,0.3202232575739659,0.01672066788070856,26801,0.5022883926109732,3036,2.85
8600000US10310,ZCTA5 10310,1.1023045639403524,0.31600894162152865,0.6233771816696758,0.2321812397902158,0.07136101796922019,72093,0.4917844860527321,5322,2.77
8600000US10453,ZCTA5 10453,1.196269933234012,0.6915433510036932,0.102806321131573,0.3399618119237243,0.018239831168504885,25275,0.5170505062093097,6036,2.86
8600000US10454,ZCTA5 10454,1.0684931506849316,0.6794230819569144,0.14580006805748238,0.33874303065204303,0.007983666204224799,21149,0.46220626631853784,1718,2.83
8600000US10458,ZCTA5 10458,1.0774464926388716,0.6975107193901858,0.20163172939494997,0.22582181991424488,0.03752977608384945,33932,0.4864606882692791,6904,2.96
8600000US10469,ZCTA5 10469,1.1483204885851388,0.2899417896304318,0.2041830242317585,0.5614863950182754,0.06956816028157574,63652,0.5050396162345713,12840,3.18
8600000US10007,ZCTA5 10007,0.7054395337542496,0.08258578954862594,0.811761355546063,0.055104656129859035,0.15135981774170582,246813,0.45195003823604385,4258,2.25
8600000US10019,ZCTA5 10019,0.9498951501360817,0.16767727615953137,0.7043452394572455,0.0719401414090566,0.1908564629430474,98833,0.4456112801387117,27131,1.70
8600000US10020,ZCTA5 10020,None,None,None,None,None,None,None,0,None
8600000US10021,ZCTA5 10021,1.1996668253212757,0.07928161852212486,0.8429081467056151,0.014735475494969166,0.11152223304122039,118289,0.495521278572756,30234,1.83
8600000US10038,ZCTA5 10038,1.131637995512341,0.14114035087719298,0.5496929824561404,0.10793859649122807,0.3374122807017544,86058,0.5003841425937308,9909,2.11
8600000US10039,ZCTA5 10039,1.3464793500338523,0.3382384765202337,0.157108850898074,0.663853422780062,0.020017312270071412,39653,0.5284283346544643,5490,2.44
8600000US10165,ZCTA5 10165,None,None,None,None,None,None,None,0,None
8600000US10302,ZCTA5 10302,0.9546869966713196,0.41084377059986815,0.6426609536365634,0.22132498352010546,0.08404746209624259,64103,0.4552625092432832,2955,2.94
8600000US10167,ZCTA5 10167,None,None,None,None,None,None,None,0,None
8600000US10278,ZCTA5 10278,None,None,None,None,None,None,None,0,None
8600000US10280,ZCTA5 10280,1.0960464596828232,0.08802216538789429,0.8110613810741688,0.03516624040920716,0.1663469735720375,169844,0.5129057798891528,6330,2.06
8600000US10303,ZCTA5 10303,1.0255269320843092,0.3893706401510772,0.4646009172544032,0.3770763479400316,0.08960573476702509,62558,0.4673007246376812,4052,3.16
8600000US11692,ZCTA5 11692,1.1518195797027166,0.24400933733504834,0.23705397551331522,0.6192177599923777,0.06236005907293602,44024,0.5620655412115194,3101,2.95
8600000US11102,ZCTA5 11102,1.0032520325203251,0.30753246753246755,0.6163311688311688,0.10957792207792208,0.16103896103896104,64067,0.4536054859102111,11326,2.33
8600000US11104,ZCTA5 11104,1.0162884051258299,0.3143305639572725,0.691067805046135,0.02565182434243271,0.23312531107622803,61269,0.4543171114599686,9465,2.25
8600000US11207,ZCTA5 11207,1.232980479751384,0.332764319575523,0.15907015178532596,0.6593745922672117,0.01963641108163354,37243,0.5380341377280753,9358,2.70
8600000US11213,ZCTA5 11213,1.1781055951637809,0.10649370239082886,0.246021570254167,0.6938833999547477,0.02847876913794404,41710,0.5336124256764956,12151,2.61
8600000US11216,ZCTA5 11216,1.1328787878787878,0.10795979256943951,0.3253356539035306,0.5942850039070825,0.0656212261135185,61121,0.5169698216332168,19942,2.31
8600000US11225,ZCTA5 11225,1.195696759518216,0.08343806256580959,0.29117557148194695,0.6544614653034884,0.03788933799802996,55862,0.5257298948481466,16562,2.44
8600000US11232,ZCTA5 11232,0.9296700223713646,0.5062676617636404,0.4562712846895153,0.08937758133468589,0.20541989710890515,56661,0.46573533500139,5898,2.90
8600000US11238,ZCTA5 11238,1.1404183509281425,0.10903923725705904,0.5066006600660066,0.4035936927026036,0.08303997066373305,85407,0.5300697269029634,26637,2.17
8600000US11358,ZCTA5 11358,1.0247168989547037,0.16835170744823877,0.4368647485883302,0.015730034955633236,0.48518418929819845,66129,0.4414967438881179,8771,2.85
8600000US11365,ZCTA5 11365,1.1060442904630368,0.19709668096836583,0.3720961252028544,0.09456905942244848,0.46215236867260967,66483,0.4743898246820213,11885,2.88
8600000US11003,ZCTA5 11003,1.031644149198797,0.1995890683339593,0.2470450478315622,0.5016459359741953,0.16547732143251662,97338,0.4792065496313796,9374,3.69
8600000US11103,ZCTA5 11103,1.0550437848288412,0.22700608743774212,0.7371887105700056,0.03646928610957388,0.16488655229662424,71437,0.4655617556425419,14908,2.30
8600000US11209,ZCTA5 11209,1.086174009352695,0.168723915704405,0.7689244790514533,0.043003141175950096,0.15017180610243477,72314,0.461918999728187,25316,2.30
8600000US11214,ZCTA5 11214,1.039318077100292,0.1643212187721903,0.5151916166376176,0.0178598325909668,0.3950035504486476,54041,0.45251274898661903,21073,2.88
8600000US11220,ZCTA5 11220,0.979571561626824,0.4165490417490041,0.3237351400520686,0.03516200871992723,0.4208253609778029,47079,0.4316077441077441,13586,3.39
8600000US11230,ZCTA5 11230,1.0852842026406968,0.10237440359247825,0.7181813078866124,0.0775638506876228,0.15828234633735616,49541,0.466765669807456,22976,2.89
8600000US11355,ZCTA5 11355,1.0916028559602649,0.14771251530555451,0.1450162640842022,0.042212410176493145,0.7368310390461702,39207,0.45091696449534346,12053,2.91
8600000US11377,ZCTA5 11377,0.9477788546056931,0.3806945071221115,0.5126994596220826,0.03253838766040661,0.3861677138658428,57010,0.40710533005677485,18816,2.74
8600000US11378,ZCTA5 11378,1.0519044473800088,0.3220848198717777,0.750502964135304,0.02808551731537863,0.10807693339413611,73333,0.4781236853176273,7315,2.94
8600000US11411,ZCTA5 11411,1.1664579419745356,0.06594729996627968,0.036899657979671464,0.9381473096006552,0.00606965653451515,93882,0.5219232465813851,4810,3.31
8600000US11416,ZCTA5 11416,1.0245559038662486,0.4513548387096774,0.30768663594470047,0.08302304147465438,0.3587834101382488,67461,0.4322566501023093,3829,3.75
8600000US11423,ZCTA5 11423,1.0534955202406644,0.14187898089171974,0.1360828025477707,0.4143949044585987,0.3037579617834395,70266,0.4635244500170979,6599,3.16
8600000US11364,ZCTA5 11364,1.038774718883288,0.0957995978916481,0.4126772808781177,0.03244036298429604,0.5357007009726675,76988,0.4744681963100402,11854,2.71
8600000US11413,ZCTA5 11413,1.1465129216608507,0.04900690337629291,0.029781118205593385,0.9360789765096718,0.015597389439954763,86324,0.5420113580467737,7769,3.41
8600000US11429,ZCTA5 11429,1.1323632402147692,0.12425646826989746,0.0384994343684998,0.777360143050031,0.052512498631536696,83240,0.5064485687323057,5026,3.72
8600000US11434,ZCTA5 11434,1.2516513227694308,0.07531425270933714,0.03804471736255719,0.8867626271070511,0.03172166405739387,62207,0.5651041666666666,9697,2.96
8600000US11436,ZCTA5 11436,1.024299253881831,0.14788065946107487,0.06744035463465657,0.6447676445684116,0.12516810280420382,75242,0.48844824449699836,2790,3.55
8600000US11040,ZCTA5 11040,1.1362546548997603,0.13425030446307043,0.5052415407025336,0.020034864006495214,0.3958975093726867,124378,0.48759791122715407,15176,3.25
8600000US11105,ZCTA5 11105,0.9869246305942383,0.2196779198544754,0.7726178374618801,0.03499010218821893,0.137365577015676,73959,0.45691484845912217,14252,2.43
8600000US11106,ZCTA5 11106,1.0406936539177616,0.2826681959179418,0.5828532700779396,0.08943513281025989,0.22229752626228397,63703,0.46262288224220877,15009,2.24
8600000US11229,ZCTA5 11229,1.07625645609853,0.10810261316749387,0.6728577408359744,0.0656341565508581,0.2416073670992047,60873,0.4763096595133072,22223,2.69
8600000US11234,ZCTA5 11234,1.1045846532910948,0.10477076495306588,0.4298078732255974,0.46646666527292874,0.07464511947818452,81399,0.5150978020603078,23194,3.00
8600000US11357,ZCTA5 11357,1.104868913857678,0.15638313868978998,0.7241992882562278,0.012731191418976492,0.23452458523382286,83951,0.48530167540343305,11462,2.73
8600000US11367,ZCTA5 11367,1.079347718007358,0.1785099464422341,0.5944672915072685,0.09396518745218056,0.2798393267023718,57933,0.4688259109311741,10247,2.80
8600000US11369,ZCTA5 11369,1.032648197795651,0.6360572132012428,0.3153760478339879,0.17914297438302362,0.13154346679172285,54121,0.4527480500634863,4074,3.22
8600000US11415,ZCTA5 11415,1.0935912676969632,0.24948379103861243,0.6185731984307248,0.07041090233326451,0.20937435473879826,68294,0.4802527646129542,6649,2.31
8600000US11418,ZCTA5 11418,0.9901312390203576,0.4570189786328115,0.44445309863177296,0.0953864527351559,0.26515564555910376,66570,0.4430827607424879,6891,3.48
8600000US11421,ZCTA5 11421,1.0003903010196613,0.5863616408955661,0.4856104580264377,0.0698258621530657,0.2105019267352812,72066,0.4575051086754598,6802,3.52
8600000US11432,ZCTA5 11432,1.118283607564689,0.2443395162200055,0.21915137060254944,0.1778963144408812,0.4412840636230319,55906,0.464859437751004,14805,3.10
8600000US11375,ZCTA5 11375,1.1809764059949548,0.15744067058567385,0.6449624428478119,0.046864794252122796,0.30790060962333987,80542,0.5011194219712003,34808,2.22
8600000US11420,ZCTA5 11420,1.0403534609720178,0.24046691002082946,0.1720390191589845,0.2805997236486626,0.3442636474251892,67932,0.46543994386183773,6463,3.68
8600000US11435,ZCTA5 11435,1.013651645328896,0.31077981651376146,0.19296411225040475,0.25195628710199675,0.26146788990825687,64086,0.45397401027500756,11671,3.08
8600000US11691,ZCTA5 11691,1.178164464500211,0.2636301308611798,0.40182430619727544,0.4886577041166125,0.03907950040242048,46147,0.5396909027046013,10384,3.12
8600000US11368,ZCTA5 11368,0.9229453519199521,0.7548854792083611,0.39073159884367353,0.11364909939959973,0.12332666221925728,50797,0.38536141309104915,8927,3.92
8600000US11385,ZCTA5 11385,1.0102663602456392,0.4427223403956258,0.8352933459523787,0.030192003148514293,0.07480532623668207,72261,0.45511290936127535,19577,3.03
8600000US11412,ZCTA5 11412,1.18197704898934,0.05096374606225639,0.02699022905654333,0.9202306583373379,0.02781782262801004,78517,0.5299956632775984,6184,3.39
8600000US11414,ZCTA5 11414,1.0977098140570034,0.22290290564358808,0.816489270680037,0.04411513056572778,0.07553304356754167,71648,0.49761242962012686,6034,2.73
8600000US11430,ZCTA5 11430,0.05319148936170213,0.29292929292929293,0.12626262626262627,0.7373737373737373,0.0,None,0.07142857142857142,12,None
8600000US11694,ZCTA5 11694,0.9533479692645445,0.1490587243607755,0.8228434953638663,0.07127470263182542,0.037182729231057414,80976,0.4698638366039247,6980,2.35
8600000US11697,ZCTA5 11697,1.0835785756327252,0.06468926553672316,0.9542372881355933,0.005932203389830509,0.005649717514124294,103580,0.4621689785624212,1270,2.59
8600000US11001,ZCTA5 11001,1.0352760736196318,0.12731905120752143,0.6973840025837011,0.059461011231923065,0.1963971722826282,108438,0.4699808533916849,8992,3.04
8600000US11204,ZCTA5 11204,1.0011958612800915,0.1090701239315129,0.5937540596014446,0.014523630128088544,0.33165319961547457,49785,0.4495605711115653,13455,3.26
8600000US11218,ZCTA5 11218,0.9848686664180297,0.1756724110162667,0.6284425833467547,0.09585547860632415,0.20835346539968863,69415,0.44518428468806986,21657,2.97
8600000US11223,ZCTA5 11223,1.0389649240894474,0.1674675078555796,0.6009121030945481,0.05432270843267432,0.26196676814730585,50108,0.45646424037240796,17462,2.92
8600000US11224,ZCTA5 11224,1.231688088298533,0.20373819770055882,0.6053482347399748,0.23810135525724196,0.07046053054146059,33131,0.5287522797983049,12131,2.43
8600000US11373,ZCTA5 11373,0.997682724605638,0.4139325507891068,0.23224110592016345,0.026307107814445497,0.49603584237019377,51183,0.4396841298839059,17901,3.09
8600000US11693,ZCTA5 11693,1.0480342422320863,0.29491446706401425,0.6648347395309234,0.22555925381221456,0.04861057357380602,59431,0.512012012012012,2353,2.61
